<?xml version="1.0" encoding="utf-8" ?><dwsync><file name="block-recent-products.php" server="marcovanzomeren.com/domains/marcovanzomeren.com/public_html/wp-content/themes/custom-theme/" local="3685267356" remote="3686069760" Dst="-1" /><file name="block-slider-small.php" server="marcovanzomeren.com/domains/marcovanzomeren.com/public_html/wp-content/themes/custom-theme/" local="3685981148" remote="3685981140" Dst="-1" /><file name="block-slider-large.php" server="marcovanzomeren.com/domains/marcovanzomeren.com/public_html/wp-content/themes/custom-theme/" local="3685271015" remote="3686069760" Dst="-1" /><file name="block-spotlight.php" server="marcovanzomeren.com/domains/marcovanzomeren.com/public_html/wp-content/themes/custom-theme/" local="3684514582" remote="3686069760" Dst="-1" /><file name="block-music.php" server="marcovanzomeren.com/domains/marcovanzomeren.com/public_html/wp-content/themes/custom-theme/" local="3686063093" remote="3686069760" Dst="-1" /><file name="block-post-grid.php" server="marcovanzomeren.com/domains/marcovanzomeren.com/public_html/wp-content/themes/custom-theme/" local="3686068874" remote="3686069760" Dst="-1" /><file name="block-nav-child-categories.php" server="marcovanzomeren.com/domains/marcovanzomeren.com/public_html/wp-content/themes/custom-theme/" local="3686065845" remote="3686069760" Dst="-1" /><file name="block-music-latest.php" server="marcovanzomeren.com/domains/marcovanzomeren.com/public_html/wp-content/themes/custom-theme/" local="3686072346" remote="3686072340" Dst="-1" /></dwsync>