<?xml version="1.0" encoding="utf-8" ?><dwsync><file name="script.js" server="marcovanzomeren.com//domains/marcovanzomeren.com/public_html/wp-content/themes/" local="3671357755" remote="3671357700" Dst="-1" /><file name="colorthief.js" server="marcovanzomeren.com//domains/marcovanzomeren.com/public_html/wp-content/themes/" local="3664004403" remote="3670947480" Dst="-1" /><file name="audioplayer.js" server="marcovanzomeren.com//domains/marcovanzomeren.com/public_html/wp-content/themes/" local="3671259442" remote="3671299020" Dst="-1" /><file name="instafeed.js" server="marcovanzomeren.com//domains/marcovanzomeren.com/public_html/wp-content/themes/" local="3671259353" remote="3671299020" Dst="-1" /><file name="script.js" server="marcovanzomeren.com/domains/marcovanzomeren.com/public_html/wp-content/themes/custom-theme/" local="3673803701" remote="3673803720" Dst="-1" /><file name="colorthief.js" server="marcovanzomeren.com/domains/marcovanzomeren.com/public_html/wp-content/themes/custom-theme/" local="3664004403" remote="3673586040" Dst="-1" /><file name="audioplayer.js" server="marcovanzomeren.com/domains/marcovanzomeren.com/public_html/wp-content/themes/custom-theme/" local="3671259442" remote="3673586040" Dst="-1" /><file name="instafeed.js" server="marcovanzomeren.com/domains/marcovanzomeren.com/public_html/wp-content/themes/custom-theme/" local="3671259353" remote="3673586040" Dst="-1" /></dwsync>