<?xml version="1.0" encoding="utf-8" ?><dwsync><file name="nav-position-absolute.php" server="marcovanzomeren.com/domains/marcovanzomeren.com/public_html/wp-content/themes/custom-theme/" local="3685982689" remote="3686069940" Dst="-1" /><file name="nav-logo-center.php" server="marcovanzomeren.com/domains/marcovanzomeren.com/public_html/wp-content/themes/custom-theme/" local="3685888963" remote="3686069940" Dst="-1" /><file name="nav-menu.php" server="marcovanzomeren.com/domains/marcovanzomeren.com/public_html/wp-content/themes/custom-theme/" local="3685854048" remote="3686069940" Dst="-1" /><file name="nav-default.php" server="marcovanzomeren.com/domains/marcovanzomeren.com/public_html/wp-content/themes/custom-theme/" local="3685981921" remote="3686069940" Dst="-1" /><file name="nav-account-icon.php" server="marcovanzomeren.com/domains/marcovanzomeren.com/public_html/wp-content/themes/custom-theme/" local="3686071092" remote="3686071080" Dst="-1" /><file name="nav-category.php" server="marcovanzomeren.com/domains/marcovanzomeren.com/public_html/wp-content/themes/custom-theme/" local="3686336022" remote="3686336040" Dst="-1" /><file name="nav-cart-icon.php" server="marcovanzomeren.com/domains/marcovanzomeren.com/public_html/wp-content/themes/custom-theme/" local="3686071105" remote="3686071080" Dst="-1" /><file name="nav-documentation.php" server="marcovanzomeren.com/domains/marcovanzomeren.com/public_html/wp-content/themes/custom-theme/" local="3686420333" remote="3686420400" Dst="-1" /></dwsync>