<?xml version="1.0" encoding="utf-8" ?><dwsync><file name="content-single.php" server="marcovanzomeren.com//domains/marcovanzomeren.com/public_html/wp-content/themes/" local="3671293916" remote="3671299020" Dst="-1" /><file name=".DS_Store" server="marcovanzomeren.com//domains/marcovanzomeren.com/public_html/wp-content/themes/" local="3663344850" remote="3671299020" Dst="-1" /><file name="content-none.php" server="marcovanzomeren.com//domains/marcovanzomeren.com/public_html/wp-content/themes/" local="3663344850" remote="3671299020" Dst="-1" /><file name="content.php" server="marcovanzomeren.com//domains/marcovanzomeren.com/public_html/wp-content/themes/" local="3663344850" remote="3671299020" Dst="-1" /><file name="content-single-product.php" server="marcovanzomeren.com//domains/marcovanzomeren.com/public_html/wp-content/themes/" local="3671262099" remote="3671299020" Dst="-1" /><file name="content-single.php" server="marcovanzomeren.com/domains/marcovanzomeren.com/public_html/wp-content/themes/custom-theme/" local="3685891287" remote="3686069940" Dst="-1" /><file name=".DS_Store" server="marcovanzomeren.com/domains/marcovanzomeren.com/public_html/wp-content/themes/custom-theme/" local="3663344850" remote="3686069940" Dst="-1" /><file name="content-none.php" server="marcovanzomeren.com/domains/marcovanzomeren.com/public_html/wp-content/themes/custom-theme/" local="3663344850" remote="3686069940" Dst="-1" /><file name="content-single-product.php" server="marcovanzomeren.com/domains/marcovanzomeren.com/public_html/wp-content/themes/custom-theme/" local="3685267798" remote="3686069940" Dst="-1" /><file name="content.php" server="marcovanzomeren.com/domains/marcovanzomeren.com/public_html/wp-content/themes/custom-theme/" local="3663344850" remote="3686069940" Dst="-1" /></dwsync>